Fecha del evento,Tiempo de anticipacion para renta del salon,Tipo de evento,Hora inicio,Hora termino,Personas consideradas,Personas que asistieron,Precio de la renta del salon,Servicio Extra,Cual fue el servicio extra,Temporada favorita para realizar eventos
31/01/25,Menos de 1 mes antes,Cumpleaños,18:00,0:00,50,60,5000,Sí,Sonido,No importa la temporada
09/11/24,Menos de 1 mes antes,Cumpleaños,19:00,23:00,15,15,4000,Sí,Mariachi ,Otoño
11/12/24,Mas de 5 meses antes,Baby shower  ,10:00,15:00,50,40,60000,Sí,Decoración,Verano
12/10/24,Menos de 1 mes antes,Cumpleaños,19:00,3:00,30,30,3500,No,No Aplica,Primavera
27/05/24,Mas de 5 meses antes,XV,19:00,2:00,250,280,10000,Sí,Servicio de comida,No importa la temporada
19/07/24,Menos de 1 mes antes,Cumpleaños,8:00,1:00,15,15,1500,No,No Aplica,Verano
02/09/24,Entre 4 y 5 meses antes,XV,13:00,19:00,300,350,19000,No,No Aplica,Otoño
15/02/25,Menos de 1 mes antes,Cumpleaños,20:00,2:00,50,39,5700,No,No Aplica,Primavera
03/10/24,Entre 4 y 5 meses antes,Cumpleaños,14:00,22:00,100,110,10000,No,No Aplica,No importa la temporada
06/01/25,Menos de 1 mes antes,Cumpleaños,16:00,22:00,20,20,3000,No,No Aplica,Primavera
09/11/24,Menos de 1 mes antes,Cumpleaños,19:00,23:00,20,20,6000,Sí,Decoración,Otoño
06/07/24,Menos de 1 mes antes,Cumpleaños,18:00,23:00,30,25,6000,Sí,Mantelería,No importa la temporada
16/02/25,Mas de 5 meses antes,Fiesta Infantil,15:00,20:00,150,120,12000,Sí,Servicio de comida,Primavera
04/05/24,Menos de 1 mes antes,Cumpleaños,15:00,20:00,350,470,30000,Sí,Servicio de comida,Primavera
05/01/24,Entre 4 y 5 meses antes,Posada,19:00,3:00,60,50,5000,No,No Aplica,No importa la temporada
08/07/24,Menos de 1 mes antes,Cumpleaños,20:00,3:00,20,50,4000,No,No Aplica,No importa la temporada
19/12/24,Entre 4 y 5 meses antes,Posada ,14:00,20:00,500,400,25000,No,No Aplica,No importa la temporada
28/01/24,Entre 2 y 3 meses antes,Cumpleaños,8:00,12:00,30,25,2500,No,No Aplica,No importa la temporada
19/10/24,Entre 2 y 3 meses antes,Cumpleaños,20:00,2:00,30,25,3000,Sí,Sonido,Verano
08/08/24,Menos de 1 mes antes,Cumpleaños,17:00,22:00,20,20,4500,No,No Aplica,Primavera
31/01/25,Menos de 1 mes antes,Cumpleaños,18:00,2:00,40,30,3500,Sí,Sonido,Verano
17/01/25,Entre 2 y 3 meses antes,Cumpleaños,10:00,13:00,6,6,1500,Sí,Sonido,Verano
17/03/24,Menos de 1 mes antes,Cumpleaños,20:00,2:00,50,45,7000,Sí,Mantelería,Verano
06/07/24,Menos de 1 mes antes,Cumpleaños,18:00,0:00,50,60,8000,No,No Aplica,No importa la temporada
27/07/24,Menos de 1 mes antes,Cumpleaños,16:00,0:00,60,60,7000,Sí,Decoración,Otoño
01/02/25,Menos de 1 mes antes,Cumpleaños,18:00,4:00,60,48,7500,No,No Aplica,No importa la temporada
10/11/24,Menos de 1 mes antes,Cumpleaños,17:30,23:30,70,52,6800,Sí,Mantelería,Otoño
03/08/24,Entre 2 y 3 meses antes,Fiesta Infantil,16:00,22:00,120,100,8000,Sí,Mantelería,Primavera