Fecha del evento,Tiempo de anticipacion para renta del salon,Tipo de evento,Hora inicio,Hora termino,Personas consideradas,Personas que asistieron,Precio de la renta del salon,Servicio Extra,Cual fue el servicio extra,Temporada favorita para realizar eventos
2025-01-31,Menos de 1 mes antes,Cumpleanos,1800,000,50,60,5000,Si,Sonido,No importa la temporada
2024-11-09,Menos de 1 mes antes,Cumpleanos,1900,2300,15,15,4000,Si,Mariachi,Otono
2024-12-11,Mas de 5 meses antes,Baby shower,1000,1500,50,40,60000,Si,Decoracion,Verano
2024-10-12,Menos de 1 mes antes,Cumpleanos,1900,300,30,30,3500,No,No Aplica,Primavera
2024-05-27,Mas de 5 meses antes,XV,1900,200,250,280,10000,Si,Servicio de comida,No importa la temporada
2024-07-19,Menos de 1 mes antes,Cumpleanos,800,100,15,15,1500,No,No Aplica,Verano
2024-09-02,Entre 4 y 5 meses antes,XV,1300,1900,300,350,19000,No,No Aplica,Otono
2025-02-15,Menos de 1 mes antes,Cumpleanos,2000,200,50,39,5700,No,No Aplica,Primavera
2024-10-03,Entre 4 y 5 meses antes,Cumpleanos,1400,2200,100,110,10000,No,No Aplica,No importa la temporada
2025-01-06,Menos de 1 mes antes,Cumpleanos,1600,2200,20,20,3000,No,No Aplica,Primavera
2024-11-09,Menos de 1 mes antes,Cumpleanos,1900,2300,20,20,6000,Si,Decoracion,Otono
2024-07-06,Menos de 1 mes antes,Cumpleanos,1800,2300,30,25,6000,Si,Manteleria,No importa la temporada
2025-02-16,Mas de 5 meses antes,Fiesta Infantil,1500,2000,150,120,12000,Si,Servicio de comida,Primavera
2024-05-04,Menos de 1 mes antes,Cumpleanos,1500,2000,350,470,30000,Si,Servicio de comida,Primavera
2024-01-05,Entre 4 y 5 meses antes,Posada,1900,300,60,50,5000,No,No Aplica,No importa la temporada
2024-07-08,Menos de 1 mes antes,Cumpleanos,2000,300,20,50,4000,No,No Aplica,No importa la temporada
2024-12-19,Entre 4 y 5 meses antes,Posada,1400,2000,500,400,25000,No,No Aplica,No importa la temporada
2024-01-28,Entre 2 y 3 meses antes,Cumpleanos,800,1200,30,25,2500,No,No Aplica,No importa la temporada
2024-10-19,Entre 2 y 3 meses antes,Cumpleanos,2000,200,30,25,3000,Si,Sonido,Verano
2024-08-08,Menos de 1 mes antes,Cumpleanos,1700,2200,20,20,4500,No,No Aplica,Primavera
2025-01-31,Menos de 1 mes antes,Cumpleanos,1800,200,40,30,3500,Si,Sonido,Verano
2025-01-17,Entre 2 y 3 meses antes,Cumpleanos,1000,1300,6,6,1500,Si,Sonido,Verano
2024-03-17,Menos de 1 mes antes,Cumpleanos,2000,200,50,45,7000,Si,Manteleria,Verano
2024-07-06,Menos de 1 mes antes,Cumpleanos,1800,000,50,60,8000,No,No Aplica,No importa la temporada
2024-07-27,Menos de 1 mes antes,Cumpleanos,1600,000,60,60,7000,Si,Decoracion,Otono
2025-02-01,Menos de 1 mes antes,Cumpleanos,1800,400,60,48,7500,No,No Aplica,No importa la temporada
2024-11-10,Menos de 1 mes antes,Cumpleanos,1730,2330,70,52,6800,Si,Manteleria,Otono
2024-08-03,Entre 2 y 3 meses antes,Fiesta Infantil,1600,2200,120,100,8000,Si,Manteleria,Primavera
